USE car_sales;

INSERT INTO brands (brand_id, brand_name) VALUES
(1, '品牌A'),
(2, '品牌B'),
(3, '品牌C');

INSERT INTO car_models (model_id, brand_id, series_name, model_year, trim_name, guide_price, displacement, vehicle_type, safety_stock) VALUES
(1, 1, '星驰S1', 2026, '1.5T 豪华型', 128000, '1.5T', '轿车', 3),
(2, 1, '星驰S1', 2026, '2.0T 旗舰型', 158000, '2.0T', '轿车', 2),
(3, 1, '远航X3', 2026, '1.5T 尊享型', 148000, '1.5T', 'SUV', 3),
(4, 2, '凌越M2', 2026, '纯电长续航', 189000, 'EV', 'SUV', 2),
(5, 2, '凌越M2', 2026, '纯电性能版', 219000, 'EV', 'SUV', 2),
(6, 2, '锐行R7', 2025, '2.0T 运动型', 176000, '2.0T', '轿跑', 2),
(7, 3, '云途E5', 2026, '增程舒享型', 168000, '1.5T+EV', 'SUV', 3),
(8, 3, '云途E5', 2026, '增程旗舰型', 198000, '1.5T+EV', 'SUV', 2),
(9, 3, '晨光C2', 2025, '1.6L 精英型', 98000, '1.6L', '轿车', 4),
(10, 1, '探索T9', 2026, '2.0T 四驱型', 238000, '2.0T', 'SUV', 1);

INSERT INTO employees (employee_id, employee_no, employee_name, role_name, department, supervisor_id, hire_date) VALUES
(1, 'E0001', '王强', '销售主管', '销售部', NULL, '2021-03-01'),
(2, 'E0002', '赵敏', '售后主管', '售后部', NULL, '2020-07-15'),
(3, 'E0003', '李娜', '销售顾问', '销售部', 1, '2022-01-10'),
(4, 'E0004', '陈涛', '销售顾问', '销售部', 1, '2022-05-20'),
(5, 'E0005', '周杰', '销售顾问', '销售部', 1, '2023-02-12'),
(6, 'E0006', '孙丽', '销售顾问', '销售部', 1, '2023-06-08'),
(7, 'E0007', '吴鹏', '销售顾问', '销售部', 1, '2024-01-16'),
(8, 'E0008', '郑雪', '销售顾问', '销售部', 1, '2024-03-09'),
(9, 'E0009', '何军', '服务顾问', '售后部', 2, '2022-09-01'),
(10, 'E0010', '马琳', '服务顾问', '售后部', 2, '2023-04-25');

INSERT INTO customers (customer_id, customer_name, gender, phone, id_card, address, first_visit_date, source_channel) VALUES
(1, '张三', '男', '13800000001', '420101199001010001', '武汉市洪山区', '2025-12-10', '到店'),
(2, '李四', '女', '13800000002', '420101199202020002', '武汉市武昌区', '2025-12-12', '线上'),
(3, '王五', '男', '13800000003', '420101199303030003', '武汉市汉阳区', '2025-12-13', '转介绍'),
(4, '赵六', '女', '13800000004', '420101199404040004', '武汉市江岸区', '2025-12-15', '线上'),
(5, '钱七', '男', '13800000005', '420101199505050005', '武汉市青山区', '2025-12-18', '到店'),
(6, '孙八', '女', '13800000006', '420101199606060006', '武汉市江汉区', '2025-12-20', '线上'),
(7, '周九', '男', '13800000007', '420101199707070007', '武汉市硚口区', '2025-12-23', '到店'),
(8, '吴十', '女', '13800000008', '420101199808080008', '武汉市洪山区', '2025-12-24', '线上'),
(9, '郑一', '男', '13800000009', '420101199909090009', '武汉市东西湖区', '2025-12-25', '转介绍'),
(10, '冯二', '女', '13800000010', '420101200001010010', '武汉市蔡甸区', '2025-12-26', '到店'),
(11, '陈三', '男', '13800000011', '420101200102020011', '武汉市江夏区', '2026-01-02', '线上'),
(12, '褚四', '女', '13800000012', '420101200203030012', '武汉市黄陂区', '2026-01-03', '到店'),
(13, '卫五', '男', '13800000013', '420101200304040013', '武汉市新洲区', '2026-01-05', '线上'),
(14, '蒋六', '女', '13800000014', '420101200405050014', '鄂州市鄂城区', '2026-01-07', '转介绍'),
(15, '沈七', '男', '13800000015', '420101200506060015', '黄石市黄石港区', '2026-01-08', '到店'),
(16, '韩八', '女', '13800000016', '420101200607070016', '孝感市孝南区', '2026-01-10', '线上'),
(17, '杨九', '男', '13800000017', '420101200708080017', '咸宁市咸安区', '2026-01-11', '到店'),
(18, '朱十', '女', '13800000018', '420101200809090018', '荆州市沙市区', '2026-01-14', '线上'),
(19, '秦一', '男', '13800000019', '420101200910100019', '襄阳市樊城区', '2026-01-15', '转介绍'),
(20, '尤二', '女', '13800000020', '420101201011110020', '宜昌市西陵区', '2026-01-18', '到店');

INSERT INTO customer_intentions (customer_id, intended_model_id, intention_level, notes, follow_up_consultant_id, next_contact_at) VALUES
(1, 1, '高', '本月内购车', 3, '2026-04-20 10:00:00'),
(2, 4, '中', '考虑贷款方案', 4, '2026-04-21 15:00:00'),
(3, 10, '高', '关注四驱性能', 5, '2026-04-19 14:00:00'),
(6, 7, '中', '等待旧车置换评估', 6, '2026-04-22 16:30:00'),
(8, 9, '低', '预算有限', 7, '2026-04-25 11:00:00'),
(12, 3, '中', '对比竞品中', 8, '2026-04-24 09:30:00'),
(15, 5, '高', '试驾后满意', 3, '2026-04-20 17:00:00'),
(20, 8, '中', '家用需求', 4, '2026-04-23 13:00:00');

INSERT INTO inventory_vehicles (vin, model_id, color, engine_no, production_date, inbound_date, procurement_cost, suggested_retail_price, status, sold_at) VALUES
('LFA6A11A0A0000001', 1, '白色', 'EN0000001', '2025-10-01', '2025-12-01', 102000, 126000, '在库', NULL),
('LFA6A11A0A0000002', 1, '黑色', 'EN0000002', '2025-10-03', '2025-12-03', 101500, 126000, '在库', NULL),
('LFA6A11A0A0000003', 2, '灰色', 'EN0000003', '2025-10-06', '2025-12-06', 126000, 156000, '在库', NULL),
('LFA6A11A0A0000004', 2, '白色', 'EN0000004', '2025-10-08', '2025-12-08', 127500, 156000, '在库', NULL),
('LFA6A11A0A0000005', 3, '蓝色', 'EN0000005', '2025-10-11', '2025-12-11', 118000, 146000, '在库', NULL),
('LFA6A11A0A0000006', 3, '黑色', 'EN0000006', '2025-10-12', '2025-12-12', 118500, 146000, '在库', NULL),
('LFA6A11A0A0000007', 4, '银色', 'EN0000007', '2025-10-14', '2025-12-15', 152000, 186000, '在库', NULL),
('LFA6A11A0A0000008', 5, '红色', 'EN0000008', '2025-10-16', '2025-12-17', 178000, 216000, '在库', NULL),
('LFA6A11A0A0000009', 6, '灰色', 'EN0000009', '2025-10-18', '2025-12-19', 138000, 173000, '在库', NULL),
('LFA6A11A0A0000010', 7, '绿色', 'EN0000010', '2025-10-20', '2025-12-21', 132000, 166000, '在库', NULL),
('LFA6A11A0A0000011', 7, '白色', 'EN0000011', '2025-10-23', '2025-12-23', 131500, 166000, '已锁定', NULL),
('LFA6A11A0A0000012', 8, '黑色', 'EN0000012', '2025-10-24', '2025-12-24', 156000, 196000, '已锁定', NULL),
('LFA6A11A0A0000013', 8, '银色', 'EN0000013', '2025-10-25', '2025-12-25', 156500, 196000, '已锁定', NULL),
('LFA6A11A0A0000014', 9, '白色', 'EN0000014', '2025-10-26', '2025-12-26', 73000, 96000, '已锁定', NULL),
('LFA6A11A0A0000015', 10, '黑色', 'EN0000015', '2025-10-27', '2025-12-27', 188000, 236000, '已锁定', NULL),
('LFA6A11A0A0000016', 1, '白色', 'EN0000016', '2025-09-01', '2025-11-01', 100000, 126000, '已售出', '2026-01-12 10:30:00'),
('LFA6A11A0A0000017', 2, '黑色', 'EN0000017', '2025-09-05', '2025-11-05', 126500, 156000, '已售出', '2026-01-25 16:00:00'),
('LFA6A11A0A0000018', 3, '蓝色', 'EN0000018', '2025-09-10', '2025-11-10', 117500, 146000, '已售出', '2026-02-03 11:40:00'),
('LFA6A11A0A0000019', 4, '银色', 'EN0000019', '2025-09-12', '2025-11-12', 151000, 186000, '已售出', '2026-02-10 14:10:00'),
('LFA6A11A0A0000020', 5, '红色', 'EN0000020', '2025-09-13', '2025-11-13', 177500, 216000, '已售出', '2026-02-18 10:00:00'),
('LFA6A11A0A0000021', 6, '灰色', 'EN0000021', '2025-09-14', '2025-11-14', 137000, 173000, '已售出', '2026-03-02 09:20:00'),
('LFA6A11A0A0000022', 7, '绿色', 'EN0000022', '2025-09-15', '2025-11-15', 132500, 166000, '已售出', '2026-03-09 13:00:00'),
('LFA6A11A0A0000023', 8, '白色', 'EN0000023', '2025-09-16', '2025-11-16', 156500, 196000, '已售出', '2026-03-15 17:20:00'),
('LFA6A11A0A0000024', 9, '黑色', 'EN0000024', '2025-09-17', '2025-11-17', 72500, 96000, '已售出', '2026-03-20 15:00:00'),
('LFA6A11A0A0000025', 10, '蓝色', 'EN0000025', '2025-09-18', '2025-11-18', 189000, 236000, '已售出', '2026-03-28 12:30:00'),
('LFA6A11A0A0000026', 1, '银色', 'EN0000026', '2026-03-01', NULL, 102500, 126000, '在途', NULL),
('LFA6A11A0A0000027', 2, '白色', 'EN0000027', '2026-03-02', NULL, 127000, 156000, '在途', NULL),
('LFA6A11A0A0000028', 4, '黑色', 'EN0000028', '2026-03-03', NULL, 152500, 186000, '在途', NULL),
('LFA6A11A0A0000029', 7, '蓝色', 'EN0000029', '2026-03-04', NULL, 133000, 166000, '在途', NULL),
('LFA6A11A0A0000030', 10, '灰色', 'EN0000030', '2026-03-05', NULL, 190000, 236000, '在途', NULL);

INSERT INTO sales_orders (order_no, customer_id, sales_consultant_id, vin, total_amount, deposit_amount, order_status, payment_method, created_at, delivered_at) VALUES
('SO202601001', 1, 3, 'LFA6A11A0A0000016', 129800, 20000, '已完成', '贷款', '2026-01-10 09:00:00', '2026-01-12 10:30:00'),
('SO202601002', 2, 4, 'LFA6A11A0A0000017', 158600, 30000, '已完成', '转账', '2026-01-20 14:00:00', '2026-01-25 16:00:00'),
('SO202602003', 3, 5, 'LFA6A11A0A0000018', 149200, 20000, '已完成', '贷款', '2026-02-01 10:00:00', '2026-02-03 11:40:00'),
('SO202602004', 4, 6, 'LFA6A11A0A0000019', 191000, 40000, '已完成', '分期', '2026-02-07 11:30:00', '2026-02-10 14:10:00'),
('SO202602005', 5, 7, 'LFA6A11A0A0000020', 220300, 50000, '已完成', '贷款', '2026-02-15 09:45:00', '2026-02-18 10:00:00'),
('SO202603006', 6, 8, 'LFA6A11A0A0000021', 177500, 30000, '已完成', '转账', '2026-02-27 16:20:00', '2026-03-02 09:20:00'),
('SO202603007', 7, 3, 'LFA6A11A0A0000022', 169800, 25000, '已完成', '现金', '2026-03-05 10:10:00', '2026-03-09 13:00:00'),
('SO202603008', 8, 4, 'LFA6A11A0A0000023', 199500, 35000, '已完成', '贷款', '2026-03-12 15:40:00', '2026-03-15 17:20:00'),
('SO202603009', 9, 5, 'LFA6A11A0A0000024', 99500, 15000, '已完成', '转账', '2026-03-18 09:30:00', '2026-03-20 15:00:00'),
('SO202603010', 10, 6, 'LFA6A11A0A0000025', 241800, 50000, '已完成', '分期', '2026-03-22 13:30:00', '2026-03-28 12:30:00'),
('SO202603011', 11, 7, 'LFA6A11A0A0000011', 168800, 20000, '待交付', '转账', '2026-03-26 15:00:00', NULL),
('SO202603012', 12, 8, 'LFA6A11A0A0000012', 198600, 10000, '待定金', '贷款', '2026-03-27 11:00:00', NULL),
('SO202604013', 13, 3, 'LFA6A11A0A0000013', 201000, 20000, '待交付', '贷款', '2026-04-02 09:30:00', NULL),
('SO202604014', 14, 4, 'LFA6A11A0A0000014', 99800, 5000, '待定金', '转账', '2026-04-03 17:00:00', NULL),
('SO202604015', 15, 5, 'LFA6A11A0A0000015', 242500, 30000, '待交付', '分期', '2026-04-05 14:20:00', NULL),
('SO202604016', 16, 6, 'LFA6A11A0A0000001', 0, 0, '已取消', '转账', '2026-04-06 10:00:00', NULL),
('SO202604017', 17, 7, 'LFA6A11A0A0000002', 0, 0, '已取消', '转账', '2026-04-06 11:00:00', NULL),
('SO202604018', 18, 8, 'LFA6A11A0A0000003', 159300, 15000, '待定金', '贷款', '2026-04-07 09:00:00', NULL),
('SO202604019', 19, 3, 'LFA6A11A0A0000004', 160200, 20000, '待交付', '分期', '2026-04-08 16:00:00', NULL),
('SO202604020', 20, 4, 'LFA6A11A0A0000005', 148500, 12000, '待定金', '现金', '2026-04-09 10:30:00', NULL);

INSERT INTO sales_order_items (order_no, item_type, item_desc, amount) VALUES
('SO202601001', '车辆', '品牌A 星驰S1 1.5T 豪华型', 126000), ('SO202601001', '保险', '首年商业险', 6800), ('SO202601001', '其他', '活动优惠', -3000),
('SO202601002', '车辆', '品牌A 星驰S1 2.0T 旗舰型', 156000), ('SO202601002', '选装', '全景影像', 3800), ('SO202601002', '其他', '置换补贴', -1200),
('SO202602003', '车辆', '品牌A 远航X3 1.5T 尊享型', 146000), ('SO202602003', '保险', '首年商业险', 5200), ('SO202602003', '其他', '现金优惠', -2000),
('SO202602004', '车辆', '品牌B 凌越M2 纯电长续航', 186000), ('SO202602004', '选装', '智能辅助包', 6500), ('SO202602004', '其他', '金融贴息', -1500),
('SO202602005', '车辆', '品牌B 凌越M2 纯电性能版', 216000), ('SO202602005', '选装', '运动套件', 7800), ('SO202602005', '保险', '首年商业险', 6500),
('SO202603006', '车辆', '品牌B 锐行R7 2.0T 运动型', 173000), ('SO202603006', '保险', '首年商业险', 4500),
('SO202603007', '车辆', '品牌C 云途E5 增程舒享型', 166000), ('SO202603007', '选装', '舒适包', 4800), ('SO202603007', '其他', '活动优惠', -1000),
('SO202603008', '车辆', '品牌C 云途E5 增程旗舰型', 196000), ('SO202603008', '选装', '音响升级', 5000), ('SO202603008', '其他', '金融贴息', -1500),
('SO202603009', '车辆', '品牌C 晨光C2 1.6L 精英型', 96000), ('SO202603009', '保险', '首年商业险', 3500),
('SO202603010', '车辆', '品牌A 探索T9 2.0T 四驱型', 236000), ('SO202603010', '选装', '越野套件', 7000), ('SO202603010', '其他', '活动优惠', -1200),
('SO202603011', '车辆', '品牌C 云途E5 增程舒享型', 166000), ('SO202603011', '保险', '首年商业险', 2800),
('SO202603012', '车辆', '品牌C 云途E5 增程旗舰型', 196000), ('SO202603012', '其他', '活动优惠', 2600),
('SO202604013', '车辆', '品牌C 云途E5 增程旗舰型', 196000), ('SO202604013', '保险', '首年商业险', 5000),
('SO202604014', '车辆', '品牌C 晨光C2 1.6L 精英型', 96000), ('SO202604014', '其他', '购置税补差', 3800),
('SO202604015', '车辆', '品牌A 探索T9 2.0T 四驱型', 236000), ('SO202604015', '选装', '越野套件', 8500), ('SO202604015', '其他', '优惠', -2000),
('SO202604018', '车辆', '品牌A 星驰S1 2.0T 旗舰型', 156000), ('SO202604018', '保险', '首年商业险', 4500), ('SO202604018', '其他', '优惠', -1200),
('SO202604019', '车辆', '品牌A 星驰S1 2.0T 旗舰型', 156000), ('SO202604019', '选装', '车机升级', 5200), ('SO202604019', '其他', '优惠', -1000),
('SO202604020', '车辆', '品牌A 远航X3 1.5T 尊享型', 146000), ('SO202604020', '保险', '首年商业险', 2500);

INSERT INTO service_orders (service_order_no, customer_id, vin, service_type, service_advisor_id, created_at, expected_finish_at, total_fee, status) VALUES
('SV202601001', 1, 'LFA6A11A0A0000016', '保养', 9, '2026-01-20 09:00:00', '2026-01-20 17:00:00', 860, '已完成'),
('SV202601002', 2, 'LFA6A11A0A0000017', '美容', 10, '2026-01-28 10:00:00', '2026-01-28 15:00:00', 1280, '已完成'),
('SV202602003', 3, 'LFA6A11A0A0000018', '维修', 9, '2026-02-12 13:00:00', '2026-02-14 18:00:00', 2350, '已完成'),
('SV202602004', 4, 'LFA6A11A0A0000019', '保养', 10, '2026-02-22 09:30:00', '2026-02-22 16:30:00', 980, '已完成'),
('SV202603005', 5, 'LFA6A11A0A0000020', '维修', 9, '2026-03-03 08:40:00', '2026-03-04 19:00:00', 3180, '已完成'),
('SV202603006', 6, 'LFA6A11A0A0000021', '保养', 10, '2026-03-10 10:20:00', '2026-03-10 18:00:00', 780, '已完成'),
('SV202603007', 7, 'LFA6A11A0A0000022', '质保', 9, '2026-03-16 11:00:00', '2026-03-17 17:00:00', 0, '已完成'),
('SV202603008', 8, 'LFA6A11A0A0000023', '美容', 10, '2026-03-25 14:00:00', '2026-03-25 18:00:00', 980, '已完成'),
('SV202604009', 9, 'LFA6A11A0A0000024', '维修', 9, '2026-04-06 09:10:00', '2026-04-08 18:00:00', 2680, '进行中'),
('SV202604010', 10, 'LFA6A11A0A0000025', '保养', 10, '2026-04-11 10:30:00', '2026-04-11 17:00:00', 920, '已创建');

INSERT INTO service_order_items (service_order_no, item_name, quantity, unit_price, amount) VALUES
('SV202601001', '机油', 1, 320, 320), ('SV202601001', '机滤+工时', 1, 540, 540),
('SV202601002', '精洗+打蜡', 1, 1280, 1280),
('SV202602003', '刹车片', 1, 1350, 1350), ('SV202602003', '工时费', 1, 1000, 1000),
('SV202602004', '机油保养套餐', 1, 980, 980),
('SV202603005', '轮胎', 2, 1200, 2400), ('SV202603005', '动平衡', 2, 390, 780),
('SV202603006', '基础保养', 1, 780, 780),
('SV202603007', '质保零件更换', 1, 0, 0),
('SV202603008', '内饰深度清洁', 1, 980, 980),
('SV202604009', '空调压缩机', 1, 2200, 2200), ('SV202604009', '工时费', 1, 480, 480),
('SV202604010', '机油保养套餐', 1, 920, 920);
